Design,Protocol,Length,Seed,Helicity,Target_Hotspot,Sequence,InterfaceResidues,pLDDT,pTM,i_pTM,pAE,i_pAE,i_pLDDT,ss_pLDDT,Unrelaxed_Clashes,Relaxed_Clashes,Binder_Energy_Score,Surface_Hydrophobicity,ShapeComplementarity,PackStat,dG,dSASA,dG/dSASA,Interface_SASA_%,Interface_Hydrophobicity,n_InterfaceResidues,n_InterfaceHbonds,InterfaceHbondsPercentage,n_InterfaceUnsatHbonds,InterfaceUnsatHbondsPercentage,Interface_Helix%,Interface_BetaSheet%,Interface_Loop%,Binder_Helix%,Binder_BetaSheet%,Binder_Loop%,InterfaceAAs,Target_RMSD,TrajectoryTime,Notes,TargetSettings,Filters,AdvancedSettings
MDK_human_l51_s531537,4stage,51,531537,-0.3,"86,87,89,94,95,96,99,102,103",GARRLRHMEERMERWGERGWWAIEMGAPERLQVRAWRRFWRIEDIVEELRG,"B12,B13,B16,B17,B20,B21,B24,B36,B39,B40,B43,B44,B47,B50",0.85,0.66,0.44,0.17,0.3,0.84,0.85,2,0,-97.41,0.38,0.65,0.71,-39.46,1470.61,-2.68,42.27,42.86,14,4,28.57,3.0,21.43,100.0,0.0,0.0,88.24,0.0,11.76,"{'A': 0, 'C': 0, 'D': 1, 'E': 5, 'F': 1, 'G': 1, 'H': 0, 'I': 0, 'K': 0, 'L': 0, 'M': 1, 'N': 0, 'P': 0, 'Q': 0, 'R': 1, 'S': 0, 'T': 0, 'V': 0, 'W': 4, 'Y': 0}",6.4,"0 hours, 1 minutes, 38 seconds",,settings,default_filters,default_4stage_multimer
MDK_human_l55_s119136,4stage,55,119136,-0.3,"86,87,89,94,95,96,99,102,103",MTMSFEDEETVRMRRMIVSIMDLIDDGEVSGGQYYTIEEMEEIYMRERMRKMMRD,"B9,B10,B13,B14,B17,B20,B21,B24,B25,B31,B32,B33,B34,B35,B36,B37,B40",0.77,0.65,0.57,0.25,0.35,0.82,0.82,7,0,-87.55,0.4,0.71,0.57,-47.25,1541.32,-3.07,38.33,52.94,17,5,29.41,3.0,17.65,66.67,16.67,16.67,67.27,5.45,27.27,"{'A': 0, 'C': 0, 'D': 1, 'E': 1, 'F': 0, 'G': 2, 'H': 0, 'I': 4, 'K': 0, 'L': 0, 'M': 3, 'N': 0, 'P': 0, 'Q': 1, 'R': 1, 'S': 0, 'T': 2, 'V': 0, 'W': 0, 'Y': 2}",7.63,"0 hours, 1 minutes, 42 seconds",,settings,default_filters,default_4stage_multimer
MDK_human_l66_s985526,4stage,66,985526,-0.3,"86,87,89,94,95,96,99,102,103",SGVERRMWARTKTESLWFRVPPHMPRNMTRRETYHLVRQVMRRRKKPVPRSMREMEAWIFEFPVPS,"B4,B6,B17,B26,B27,B28,B29,B30,B33,B55,B56,B57,B58,B59,B60,B61,B62,B63,B65",0.88,0.77,0.73,0.16,0.31,0.88,0.91,0,0,-187.48,0.39,0.69,0.64,-46.74,1610.16,-2.9,35.37,52.63,19,8,42.11,5.0,26.32,15.38,61.54,23.08,25.76,31.82,42.42,"{'A': 1, 'C': 0, 'D': 0, 'E': 3, 'F': 2, 'G': 0, 'H': 0, 'I': 1, 'K': 0, 'L': 0, 'M': 2, 'N': 1, 'P': 2, 'Q': 0, 'R': 3, 'S': 0, 'T': 2, 'V': 0, 'W': 2, 'Y': 0}",5.13,"0 hours, 2 minutes, 2 seconds",,settings,default_filters,default_4stage_multimer
MDK_human_l64_s741514,4stage,64,741514,-0.3,"86,87,89,94,95,96,99,102,103",SKTPEERRRRRMMEMEFNIVWVRLEKRHVKKHGSEDAEYTEEFWEEVERMWVRRVMRRMMMMNS,"B2,B9,B10,B13,B14,B17,B18,B21,B22,B25,B35,B39,B44,B47,B48,B51,B52,B55,B56,B59",0.87,0.77,0.66,0.15,0.23,0.87,0.88,17,0,-135.51,0.38,0.64,0.65,-40.45,1669.77,-2.42,35.72,60.0,20,5,25.0,1.0,5.0,85.71,0.0,14.29,79.69,0.0,20.31,"{'A': 0, 'C': 0, 'D': 0, 'E': 4, 'F': 1, 'G': 0, 'H': 0, 'I': 0, 'K': 1, 'L': 0, 'M': 3, 'N': 1, 'P': 0, 'Q': 0, 'R': 2, 'S': 0, 'T': 0, 'V': 4, 'W': 3, 'Y': 1}",6.36,"0 hours, 1 minutes, 49 seconds",,settings,default_filters,default_4stage_multimer
MDK_human_l79_s669237,4stage,79,669237,-0.3,"86,87,89,94,95,96,99,102,103",STMTPEEMVWMIVIQFLDYADEHGEWPKWTEWMRMMEARAARQNMPVVQAILRQGPSTVWHMITTIMMRHGVEPFTPQF,"B1,B3,B7,B10,B11,B14,B17,B18,B20,B21,B24,B25,B26,B70,B71,B72,B73,B75",0.75,0.59,0.28,0.25,0.46,0.66,0.8,0,0,-184.15,0.35,0.52,0.54,-32.47,1447.23,-2.24,32.88,50.0,18,5,27.78,2.0,11.11,28.57,0.0,71.43,69.62,0.0,30.38,"{'A': 1, 'C': 0, 'D': 2, 'E': 3, 'F': 1, 'G': 2, 'H': 1, 'I': 1, 'K': 0, 'L': 1, 'M': 2, 'N': 0, 'P': 0, 'Q': 0, 'R': 0, 'S': 1, 'T': 0, 'V': 1, 'W': 2, 'Y': 0}",6.91,"0 hours, 1 minutes, 54 seconds",,settings,default_filters,default_4stage_multimer
MDK_human_l69_s815872,4stage,69,815872,-0.3,"86,87,89,94,95,96,99,102,103",GWREEIRRRYRRTKRMRRKMWDREEYRLKHMPGDNQTAIRILDRMEGIEKTFKRMNRMNYKRIMHRYTQ,"B17,B21,B25,B28,B29,B31,B35,B36,B38,B39,B42,B43,B45,B46",0.91,0.74,0.62,0.18,0.31,0.86,0.92,7,0,-136.63,0.31,0.65,0.6,-33.26,1208.97,-2.75,22.64,50.0,14,6,42.86,2.0,14.29,100.0,0.0,0.0,89.86,0.0,10.14,"{'A': 1, 'C': 0, 'D': 1, 'E': 2, 'F': 0, 'G': 0, 'H': 0, 'I': 1, 'K': 1, 'L': 2, 'M': 2, 'N': 1, 'P': 0, 'Q': 1, 'R': 1, 'S': 0, 'T': 0, 'V': 0, 'W': 1, 'Y': 0}",7.34,"0 hours, 1 minutes, 45 seconds",,settings,default_filters,default_4stage_multimer
MDK_human_l78_s620019,4stage,78,620019,-0.3,"86,87,89,94,95,96,99,102,103",GLRRLMRRLEFLEDEEMYTRAFFQQRYRPQSRPLSSPEAEASRIYYRWKMRRATADIEYKIGKYRHMVRRERNRMRHH,"B13,B14,B15,B17,B18,B19,B21,B22,B23,B25,B26,B49,B53",0.86,0.72,0.59,0.23,0.34,0.85,0.9,8,0,-138.15,0.32,0.74,0.66,-34.59,1164.27,-2.97,19.49,46.15,13,3,23.08,5.0,38.46,100.0,0.0,0.0,85.9,0.0,14.1,"{'A': 2, 'C': 0, 'D': 1, 'E': 2, 'F': 2, 'G': 0, 'H': 0, 'I': 0, 'K': 1, 'L': 0, 'M': 1, 'N': 0, 'P': 0, 'Q': 1, 'R': 1, 'S': 0, 'T': 1, 'V': 0, 'W': 0, 'Y': 1}",6.2,"0 hours, 1 minutes, 56 seconds",,settings,default_filters,default_4stage_multimer
MDK_human_l63_s536600,4stage,63,536600,-0.3,"86,87,89,94,95,96,99,102,103",TMVTTVEKMMKDMGMDPKNLPDPVKKVYDEIKEDLTVVMTDKEDRDQYTVEYVQDEYDDYRNN,"B30,B31,B34,B35,B37,B38,B39,B44,B47,B48,B51,B52,B55",0.8,0.58,0.26,0.27,0.47,0.72,0.81,4,0,-120.84,0.14,0.63,0.56,-35.35,1177.1,-3.0,30.95,53.85,13,6,46.15,1.0,7.69,87.5,0.0,12.5,82.54,0.0,17.46,"{'A': 0, 'C': 0, 'D': 3, 'E': 2, 'F': 0, 'G': 0, 'H': 0, 'I': 1, 'K': 0, 'L': 1, 'M': 1, 'N': 0, 'P': 0, 'Q': 1, 'R': 0, 'S': 0, 'T': 0, 'V': 2, 'W': 0, 'Y': 2}",7.03,"0 hours, 1 minutes, 50 seconds",,settings,default_filters,default_4stage_multimer
MDK_human_l78_s835610,4stage,78,835610,-0.3,"86,87,89,94,95,96,99,102,103",TSRKERREEEQNNYWYVIYRMQRWSARHTGKPFYSPHMESLWDKMEKGRATRRELRRVMRYFVRQHPGVSMSRVNSWW,"B8,B9,B12,B13,B15,B16,B18,B19,B22,B32,B34,B39,B42,B46",0.91,0.83,0.7,0.13,0.24,0.9,0.92,2,0,-191.29,0.27,0.66,0.61,-37.15,1270.95,-2.92,25.22,50.0,14,5,35.71,1.0,7.14,80.0,0.0,20.0,70.51,0.0,29.49,"{'A': 0, 'C': 0, 'D': 0, 'E': 4, 'F': 0, 'G': 0, 'H': 0, 'I': 1, 'K': 0, 'L': 0, 'M': 0, 'N': 2, 'P': 1, 'Q': 1, 'R': 0, 'S': 0, 'T': 0, 'V': 0, 'W': 2, 'Y': 3}",7.22,"0 hours, 1 minutes, 49 seconds",,settings,default_filters,default_4stage_multimer
MDK_human_l66_s688458,4stage,66,688458,-0.3,"86,87,89,94,95,96,99,102,103",STYNVRAAVSNRTRGSRRYIVEEYTVTFPSHWDYEWMHYNITRAMREWFSEINARRITNEVMRAYG,"B23,B24,B25,B26,B27,B28,B29,B31,B32,B33,B36,B39,B40,B41,B43,B44,B45,B47,B48,B49",0.89,0.8,0.77,0.16,0.26,0.91,0.91,11,0,-155.91,0.33,0.7,0.72,-54.39,1728.38,-3.15,42.86,60.0,20,11,55.0,4.0,20.0,38.89,27.78,33.33,45.45,36.36,18.18,"{'A': 1, 'C': 0, 'D': 1, 'E': 2, 'F': 2, 'G': 0, 'H': 1, 'I': 1, 'K': 0, 'L': 0, 'M': 1, 'N': 1, 'P': 1, 'Q': 0, 'R': 1, 'S': 0, 'T': 2, 'V': 1, 'W': 3, 'Y': 2}",7.53,"0 hours, 1 minutes, 57 seconds",,settings,default_filters,default_4stage_multimer
MDK_human_l67_s370231,4stage,67,370231,-0.3,"86,87,89,94,95,96,99,102,103",SEAAMYDENMRIFKQWMRKLRKMHFYARYDIRYRPENRREARQDVHEIEGWMRTVRRVKREFRAEWD,"B2,B5,B9,B12,B13,B16,B19,B20,B23,B30,B37,B40,B41,B44,B47,B51,B54,B55,B58,B61,B62,B65,B66",0.92,0.8,0.71,0.12,0.18,0.9,0.92,28,0,-138.36,0.33,0.65,0.64,-40.95,1934.79,-2.12,40.98,52.17,23,6,26.09,4.0,17.39,100.0,0.0,0.0,95.52,0.0,4.48,"{'A': 1, 'C': 0, 'D': 2, 'E': 5, 'F': 2, 'G': 0, 'H': 0, 'I': 1, 'K': 1, 'L': 1, 'M': 2, 'N': 2, 'P': 0, 'Q': 0, 'R': 0, 'S': 0, 'T': 1, 'V': 2, 'W': 3, 'Y': 0}",8.06,"0 hours, 1 minutes, 52 seconds",,settings,default_filters,default_4stage_multimer
MDK_human_l58_s803894,4stage,58,803894,-0.3,"86,87,89,94,95,96,99,102,103",GDMISRMFRRQMKRGWPTERFVDRMMDIVWRMPHPSEEDWEIVWMAQMMYEWHRRMHG,"B23,B27,B30,B37,B38,B40,B41,B44,B47,B48,B51",0.8,0.56,0.17,0.28,0.53,0.76,0.81,13,0,-124.49,0.37,0.71,0.72,-25.29,1128.95,-2.24,28.59,36.36,11,5,45.45,2.0,18.18,100.0,0.0,0.0,81.03,0.0,18.97,"{'A': 0, 'C': 0, 'D': 2, 'E': 4, 'F': 0, 'G': 0, 'H': 0, 'I': 0, 'K': 0, 'L': 0, 'M': 1, 'N': 0, 'P': 0, 'Q': 1, 'R': 0, 'S': 0, 'T': 0, 'V': 0, 'W': 3, 'Y': 0}",6.3,"0 hours, 1 minutes, 42 seconds",,settings,default_filters,default_4stage_multimer
MDK_human_l55_s65819,4stage,55,65819,-0.3,"86,87,89,94,95,96,99,102,103",QYRLTLGSSMNRRDPDTIMVRVNGKRMVMREFIHMIHRRFGMEPDMIWNWMMSDD,"B1,B2,B3,B4,B5,B6,B7,B10,B12,B32,B36,B39,B40,B42,B46,B50,B51,B53,B54,B55",0.86,0.76,0.75,0.17,0.21,0.85,0.92,12,0,-137.02,0.33,0.65,0.59,-59.53,1897.47,-3.14,52.94,55.0,20,9,45.0,2.0,10.0,40.0,20.0,40.0,38.18,21.82,40.0,"{'A': 0, 'C': 0, 'D': 2, 'E': 0, 'F': 2, 'G': 1, 'H': 0, 'I': 1, 'K': 0, 'L': 2, 'M': 4, 'N': 0, 'P': 0, 'Q': 1, 'R': 3, 'S': 1, 'T': 1, 'V': 0, 'W': 1, 'Y': 1}",8.54,"0 hours, 1 minutes, 50 seconds",,settings,default_filters,default_4stage_multimer
MDK_human_l75_s651465,4stage,75,651465,-0.3,"86,87,89,94,95,96,99,102,103",TARWMRIVEEQFDRIYDWVVEIDPEWGDTMWDTWWDAMDILEDPHNTNHERRRAVRRSHRIYGKMASRVRQYRQS,"B9,B12,B13,B14,B16,B17,B20,B21,B31,B32,B34,B35,B38,B39,B42",0.89,0.67,0.34,0.2,0.42,0.84,0.9,7,0,-158.9,0.23,0.6,0.6,-25.48,1427.3,-1.79,33.16,46.67,15,2,13.33,1.0,6.67,100.0,0.0,0.0,89.33,0.0,10.67,"{'A': 0, 'C': 0, 'D': 4, 'E': 3, 'F': 1, 'G': 0, 'H': 0, 'I': 0, 'K': 0, 'L': 0, 'M': 1, 'N': 0, 'P': 0, 'Q': 0, 'R': 1, 'S': 0, 'T': 0, 'V': 1, 'W': 3, 'Y': 1}",4.4,"0 hours, 1 minutes, 58 seconds",,settings,default_filters,default_4stage_multimer
MDK_human_l72_s104082,4stage,72,104082,-0.3,"86,87,89,94,95,96,99,102,103",SEVERKIRRMRRMARRHSVPEMRAKMRNKGIRDRIDSMWEFLWDHPEVAEREPHLYDYFEELWEWWWTTIWP,"B36,B39,B40,B43,B60,B63,B64,B67,B71",0.86,0.62,0.2,0.24,0.51,0.77,0.87,14,0,-156.76,0.27,0.6,0.61,-17.62,820.72,-2.15,18.38,55.56,9,5,55.56,1.0,11.11,85.71,0.0,14.29,84.72,0.0,15.28,"{'A': 0, 'C': 0, 'D': 1, 'E': 3, 'F': 0, 'G': 0, 'H': 0, 'I': 0, 'K': 0, 'L': 0, 'M': 0, 'N': 0, 'P': 0, 'Q': 0, 'R': 0, 'S': 0, 'T': 0, 'V': 0, 'W': 5, 'Y': 0}",5.57,"0 hours, 1 minutes, 51 seconds",,settings,default_filters,default_4stage_multimer
MDK_human_l65_s161204,4stage,65,161204,-0.3,"86,87,89,94,95,96,99,102,103",DYHLMRRIERIGRKHRKYRKESREMIEDFGGMPELKDRIEDVQNEHRHYRRKYSRLKREYRIRTT,"B24,B25,B27,B28,B29,B32,B35,B37,B38,B41,B42,B45",0.9,0.7,0.48,0.18,0.31,0.82,0.91,14,0,-138.71,0.2,0.75,0.54,-32.16,1063.64,-3.02,21.48,41.67,12,7,58.33,1.0,8.33,100.0,0.0,0.0,92.31,0.0,7.69,"{'A': 0, 'C': 0, 'D': 3, 'E': 3, 'F': 1, 'G': 0, 'H': 0, 'I': 0, 'K': 0, 'L': 1, 'M': 2, 'N': 0, 'P': 0, 'Q': 0, 'R': 1, 'S': 0, 'T': 0, 'V': 1, 'W': 0, 'Y': 0}",6.97,"0 hours, 1 minutes, 46 seconds",,settings,default_filters,default_4stage_multimer
MDK_human_l54_s217250,4stage,54,217250,-0.3,"86,87,89,94,95,96,99,102,103",SMERWMQSLLPSKGWKITSMIHREHVRTREGRWMPSYRLRAREYGEPVRAIMTF,"B2,B5,B8,B9,B10,B11,B15,B43,B46,B47,B48,B49,B50,B51,B52,B53,B54",0.89,0.76,0.75,0.15,0.22,0.9,0.92,4,0,-144.26,0.36,0.72,0.69,-54.49,1356.99,-4.02,36.97,70.59,17,11,64.71,1.0,5.88,7.69,61.54,30.77,12.96,59.26,27.78,"{'A': 1, 'C': 0, 'D': 0, 'E': 2, 'F': 1, 'G': 0, 'H': 0, 'I': 1, 'K': 0, 'L': 2, 'M': 2, 'N': 0, 'P': 2, 'Q': 0, 'R': 1, 'S': 1, 'T': 1, 'V': 1, 'W': 2, 'Y': 0}",7.25,"0 hours, 2 minutes, 2 seconds",,settings,default_filters,default_4stage_multimer
MDK_human_l74_s987769,4stage,74,987769,-0.3,"86,87,89,94,95,96,99,102,103",GVAALLQRVRRSRSPVSVVVPRSMWRIEPMYGWIIFRPEVEHMLEVMERNDVDIMAEEMPSGERMTLYFRDRGP,"B26,B28,B30,B31,B33,B34,B35,B36,B41,B44,B45,B48,B53,B54,B55,B56,B57,B58,B65,B68,B72",0.81,0.63,0.26,0.24,0.47,0.74,0.84,11,0,-200.52,0.46,0.63,0.62,-35.51,1541.77,-2.3,33.04,57.14,21,8,38.1,3.0,14.29,27.27,72.73,0.0,33.78,39.19,27.03,"{'A': 1, 'C': 0, 'D': 1, 'E': 6, 'F': 1, 'G': 0, 'H': 0, 'I': 3, 'K': 0, 'L': 1, 'M': 3, 'N': 0, 'P': 0, 'Q': 0, 'R': 2, 'S': 0, 'T': 0, 'V': 0, 'W': 1, 'Y': 2}",7.07,"0 hours, 2 minutes, 12 seconds",,settings,default_filters,default_4stage_multimer
MDK_human_l60_s647272,4stage,60,647272,-0.3,"86,87,89,94,95,96,99,102,103",SVMRVMRRARRKGHKHHDHISDLEEIAQYAPEYREILEDYVWHFRHEEARYRGRVRYLLQ,"B12,B19,B22,B23,B25,B26,B29,B30,B33,B36,B39,B40,B42,B43",0.85,0.7,0.6,0.18,0.29,0.85,0.85,2,0,-109.54,0.35,0.69,0.61,-37.12,1323.12,-2.81,28.84,57.14,14,5,35.71,0.0,0.0,100.0,0.0,0.0,95.0,0.0,5.0,"{'A': 1, 'C': 0, 'D': 2, 'E': 1, 'F': 0, 'G': 0, 'H': 2, 'I': 2, 'K': 1, 'L': 1, 'M': 0, 'N': 0, 'P': 0, 'Q': 0, 'R': 0, 'S': 0, 'T': 0, 'V': 0, 'W': 1, 'Y': 3}",7.54,"0 hours, 1 minutes, 53 seconds",,settings,default_filters,default_4stage_multimer
MDK_human_l79_s437650,4stage,79,437650,-0.3,"86,87,89,94,95,96,99,102,103",GPTRRMMKTSIEILDWLWMNPTIPERVEMRELRVIQRRLRHYPVMHRRINSMFDRRMEPDNMVDEMYDTLDKEMVRYFG,"B15,B18,B19,B21,B22,B23,B24,B25,B28,B60,B67,B68",0.87,0.71,0.45,0.19,0.38,0.83,0.88,35,0,-174.84,0.3,0.59,0.63,-13.04,1097.67,-1.19,23.13,50.0,12,1,8.33,3.0,25.0,77.78,0.0,22.22,84.81,0.0,15.19,"{'A': 0, 'C': 0, 'D': 3, 'E': 2, 'F': 0, 'G': 0, 'H': 0, 'I': 1, 'K': 0, 'L': 0, 'M': 1, 'N': 0, 'P': 2, 'Q': 0, 'R': 0, 'S': 0, 'T': 1, 'V': 0, 'W': 1, 'Y': 1}",5.75,"0 hours, 1 minutes, 54 seconds",,settings,default_filters,default_4stage_multimer
MDK_human_l66_s335957,4stage,66,335957,-0.3,"86,87,89,94,95,96,99,102,103",HVWEYMIGIVSKKMEYYDRVFSDNEAALEEITRRYLNLMWEHEDDPYVAYREWKRFVRANWRRWTS,"B3,B7,B10,B11,B14,B15,B18,B22,B23,B25,B28,B29,B32,B33,B35,B36,B37,B39,B40,B41",0.92,0.79,0.66,0.14,0.24,0.88,0.93,9,0,-157.52,0.38,0.75,0.63,-48.97,1802.39,-2.72,45.62,45.0,20,3,15.0,7.0,35.0,94.12,0.0,5.88,84.85,0.0,15.15,"{'A': 0, 'C': 0, 'D': 2, 'E': 4, 'F': 0, 'G': 0, 'H': 0, 'I': 1, 'K': 0, 'L': 2, 'M': 2, 'N': 1, 'P': 0, 'Q': 0, 'R': 1, 'S': 2, 'T': 1, 'V': 1, 'W': 2, 'Y': 1}",8.42,"0 hours, 1 minutes, 48 seconds",,settings,default_filters,default_4stage_multimer
MDK_human_l74_s627661,4stage,74,627661,-0.3,"86,87,89,94,95,96,99,102,103",GNLRRYMMRSIRRRFSHKIRQIDRRYDDEQDKPIETWDEMERHWRADRNWKRSRHHVMHQFHIEMRMVMRLYPE,"B26,B27,B30,B31,B32,B33,B34,B35,B36,B37,B40,B43,B44,B47",0.91,0.65,0.36,0.22,0.44,0.81,0.93,15,0,-155.68,0.3,0.59,0.64,-34.32,1083.02,-3.17,19.65,42.86,14,5,35.71,0.0,0.0,63.64,0.0,36.36,86.49,0.0,13.51,"{'A': 0, 'C': 0, 'D': 3, 'E': 1, 'F': 0, 'G': 0, 'H': 1, 'I': 1, 'K': 1, 'L': 0, 'M': 1, 'N': 0, 'P': 1, 'Q': 1, 'R': 0, 'S': 0, 'T': 1, 'V': 0, 'W': 2, 'Y': 1}",6.19,"0 hours, 1 minutes, 50 seconds",,settings,default_filters,default_4stage_multimer
MDK_human_l56_s363834,4stage,56,363834,-0.3,"86,87,89,94,95,96,99,102,103",STRTSRGVTYVVEPEPENPGMRVVEFRPSKRMARHPGKYQRTMRRILREVMYNMEF,"B15,B20,B21,B22,B23,B24,B25,B26,B27,B28,B39,B40,B43,B44,B47,B48,B50,B51,B52,B54,B56",0.79,0.58,0.34,0.28,0.48,0.72,0.81,19,0,-141.06,0.35,0.7,0.69,-39.24,1407.13,-2.79,34.47,61.9,21,8,38.1,3.0,14.29,28.57,57.14,14.29,39.29,41.07,19.64,"{'A': 0, 'C': 0, 'D': 0, 'E': 2, 'F': 2, 'G': 1, 'H': 0, 'I': 0, 'K': 0, 'L': 1, 'M': 4, 'N': 0, 'P': 1, 'Q': 1, 'R': 4, 'S': 0, 'T': 0, 'V': 3, 'W': 0, 'Y': 2}",7.36,"0 hours, 1 minutes, 53 seconds",,settings,default_filters,default_4stage_multimer
MDK_human_l80_s466064,4stage,80,466064,-0.3,"86,87,89,94,95,96,99,102,103",SNIPEFRTPRERVEWEMEEVIRHWDRRQDRYEDWTETFARTDPILARHLRMRLEAHTRRMQRRYERLDRRSEYLARMENM,"B17,B18,B20,B21,B24,B25,B28,B29,B32,B36,B50,B53,B54,B57,B60,B61,B64,B68,B71,B72",0.91,0.74,0.63,0.18,0.37,0.89,0.92,6,0,-197.44,0.27,0.75,0.61,-46.65,1365.85,-3.42,24.19,35.0,20,10,50.0,1.0,5.0,100.0,0.0,0.0,82.5,0.0,17.5,"{'A': 0, 'C': 0, 'D': 3, 'E': 5, 'F': 0, 'G': 0, 'H': 0, 'I': 1, 'K': 0, 'L': 1, 'M': 2, 'N': 0, 'P': 0, 'Q': 2, 'R': 1, 'S': 1, 'T': 1, 'V': 1, 'W': 1, 'Y': 1}",5.19,"0 hours, 2 minutes, 1 seconds",,settings,default_filters,default_4stage_multimer
MDK_human_l79_s887796,4stage,79,887796,-0.3,"86,87,89,94,95,96,99,102,103",GITWWEMFDKTEDEEAQWVMWDFWWDVQQRGGTMTWEIHSLAEVMRVIRRWFPANSHLHREYSRTWRRVMKQFGFKEDT,"B5,B8,B9,B18,B21,B22,B25,B26,B57,B58,B61",0.85,0.67,0.33,0.21,0.41,0.83,0.88,10,0,-182.26,0.3,0.57,0.65,-26.06,1133.01,-2.3,23.47,54.55,11,3,27.27,1.0,9.09,91.67,0.0,8.33,63.29,5.06,31.65,"{'A': 0, 'C': 0, 'D': 3, 'E': 1, 'F': 1, 'G': 0, 'H': 1, 'I': 0, 'K': 0, 'L': 1, 'M': 0, 'N': 0, 'P': 0, 'Q': 0, 'R': 0, 'S': 0, 'T': 0, 'V': 0, 'W': 4, 'Y': 0}",5.57,"0 hours, 1 minutes, 53 seconds",,settings,default_filters,default_4stage_multimer
MDK_human_l61_s181617,4stage,61,181617,-0.3,"86,87,89,94,95,96,99,102,103",STSIYNEMHRMIRWAKSRIYMGFPDVEWYREMARDARRAVNDDEDEMEELHIVWMYIMSKF,"B28,B31,B35,B38,B45,B48,B49,B50,B52,B53,B56,B57,B60",0.85,0.65,0.39,0.22,0.37,0.81,0.86,15,1,-114.91,0.31,0.58,0.62,-27.46,1071.14,-2.56,27.96,46.15,13,3,23.08,0.0,0.0,83.33,0.0,16.67,83.61,0.0,16.39,"{'A': 0, 'C': 0, 'D': 2, 'E': 3, 'F': 0, 'G': 0, 'H': 0, 'I': 2, 'K': 1, 'L': 1, 'M': 0, 'N': 0, 'P': 0, 'Q': 0, 'R': 1, 'S': 0, 'T': 0, 'V': 1, 'W': 1, 'Y': 1}",8.01,"0 hours, 1 minutes, 42 seconds",Relaxed structure contains clashes.,settings,default_filters,default_4stage_multimer
MDK_human_l53_s885646,4stage,53,885646,-0.3,"86,87,89,94,95,96,99,102,103",SLREIERRNVAYSSRYVRRMQAHHPERYGTDEETEDKMWIRASVDFWRRIRRQ,"B3,B6,B7,B9,B10,B35,B36,B39,B40,B43,B44,B47,B48,B51",0.9,0.75,0.66,0.16,0.28,0.89,0.91,12,0,-120.48,0.27,0.65,0.61,-33.35,1347.38,-2.47,35.71,35.71,14,7,50.0,0.0,0.0,100.0,0.0,0.0,79.25,0.0,20.75,"{'A': 0, 'C': 0, 'D': 1, 'E': 2, 'F': 0, 'G': 0, 'H': 0, 'I': 1, 'K': 0, 'L': 0, 'M': 0, 'N': 1, 'P': 0, 'Q': 0, 'R': 4, 'S': 1, 'T': 0, 'V': 2, 'W': 2, 'Y': 0}",7.39,"0 hours, 1 minutes, 40 seconds",,settings,default_filters,default_4stage_multimer
MDK_human_l62_s8882,4stage,62,8882,-0.3,"86,87,89,94,95,96,99,102,103",EIVITWPDEDWETVHKRYGPEMHRYYREEVGEEMPTDKEEWEISYVEYRVYQQRTTQGSGGS,"B1,B2,B3,B4,B5,B6,B7,B8,B9,B25,B26,B29,B30,B32,B42,B43,B45,B46,B47,B50,B51,B54",0.8,0.73,0.7,0.21,0.26,0.84,0.81,4,0,-130.84,0.28,0.72,0.58,-52.03,1869.27,-2.78,49.01,59.09,22,10,45.45,4.0,18.18,37.5,25.0,37.5,66.13,6.45,27.42,"{'A': 0, 'C': 0, 'D': 1, 'E': 6, 'F': 0, 'G': 0, 'H': 0, 'I': 3, 'K': 0, 'L': 0, 'M': 0, 'N': 0, 'P': 1, 'Q': 0, 'R': 1, 'S': 0, 'T': 1, 'V': 4, 'W': 1, 'Y': 4}",6.39,"0 hours, 1 minutes, 47 seconds",,settings,default_filters,default_4stage_multimer
MDK_human_l69_s373519,4stage,69,373519,-0.3,"86,87,89,94,95,96,99,102,103",DEEAYRVIKMMWWVQEVYDLAPGNRNLVDRAWYHLEKVERHPENWRRSYYRVKKVYRRVNKMTGYHPTQ,"B1,B3,B4,B5,B7,B8,B11,B12,B14,B15,B18,B25,B28,B32,B35,B36,B38,B39,B42,B45",0.92,0.83,0.75,0.15,0.21,0.93,0.95,13,0,-156.71,0.36,0.73,0.58,-52.8,1776.65,-2.97,40.15,70.0,20,6,30.0,2.0,10.0,87.5,0.0,12.5,82.61,0.0,17.39,"{'A': 1, 'C': 0, 'D': 1, 'E': 3, 'F': 0, 'G': 0, 'H': 0, 'I': 1, 'K': 0, 'L': 1, 'M': 1, 'N': 0, 'P': 1, 'Q': 1, 'R': 1, 'S': 0, 'T': 0, 'V': 4, 'W': 3, 'Y': 2}",8.64,"0 hours, 1 minutes, 45 seconds",,settings,default_filters,default_4stage_multimer
MDK_human_l59_s612807,4stage,59,612807,-0.3,"86,87,89,94,95,96,99,102,103",SDAQEEMWWWMWELNRMRYSRIKRYVARHWFEILRVMSRLETEDFAWFRSWVQEMVRRS,"B4,B5,B7,B8,B9,B11,B12,B15,B43,B44,B47,B51",0.86,0.68,0.48,0.17,0.31,0.82,0.86,13,0,-141.35,0.32,0.69,0.72,-39.78,1144.64,-3.48,30.5,58.33,12,4,33.33,0.0,0.0,90.0,0.0,10.0,88.14,0.0,11.86,"{'A': 0, 'C': 0, 'D': 1, 'E': 2, 'F': 0, 'G': 0, 'H': 0, 'I': 0, 'K': 0, 'L': 0, 'M': 2, 'N': 1, 'P': 0, 'Q': 1, 'R': 0, 'S': 0, 'T': 0, 'V': 0, 'W': 5, 'Y': 0}",6.57,"0 hours, 1 minutes, 44 seconds",,settings,default_filters,default_4stage_multimer
MDK_human_l53_s639372,4stage,53,639372,-0.3,"86,87,89,94,95,96,99,102,103",ETTMTPREAKELVKLWREEIKRKRMNSEGDPGEEQEVRELREDIKMLKRMLES,"B1,B2,B4,B7,B12,B15,B16,B35,B36,B39,B40,B43,B46",0.75,0.58,0.35,0.28,0.44,0.74,0.78,2,0,-100.14,0.18,0.54,0.6,-16.27,1006.02,-1.62,25.77,46.15,13,4,30.77,2.0,15.38,80.0,0.0,20.0,81.13,0.0,18.87,"{'A': 0, 'C': 0, 'D': 1, 'E': 3, 'F': 0, 'G': 0, 'H': 0, 'I': 0, 'K': 0, 'L': 3, 'M': 2, 'N': 0, 'P': 0, 'Q': 1, 'R': 1, 'S': 0, 'T': 1, 'V': 0, 'W': 1, 'Y': 0}",6.68,"0 hours, 1 minutes, 40 seconds",,settings,default_filters,default_4stage_multimer
MDK_human_l72_s97551,4stage,72,97551,-0.3,"86,87,89,94,95,96,99,102,103",GWRITEAELVAYARMFVNYMHDTYGMWQPQNEDWIEDAQDWIWDRSSDEDASTQAQAKRMVERAVAYEAARR,"B27,B33,B34,B36,B37,B40,B41,B44,B45,B47,B48,B49",0.82,0.61,0.21,0.26,0.54,0.77,0.85,8,0,-162.59,0.37,0.47,0.63,-16.02,868.18,-1.85,20.26,25.0,12,3,25.0,2.0,16.67,81.82,0.0,18.18,76.39,0.0,23.61,"{'A': 0, 'C': 0, 'D': 5, 'E': 2, 'F': 0, 'G': 0, 'H': 0, 'I': 0, 'K': 0, 'L': 0, 'M': 0, 'N': 0, 'P': 0, 'Q': 0, 'R': 1, 'S': 1, 'T': 0, 'V': 0, 'W': 3, 'Y': 0}",4.08,"0 hours, 1 minutes, 52 seconds",,settings,default_filters,default_4stage_multimer
MDK_human_l59_s780394,4stage,59,780394,-0.3,"86,87,89,94,95,96,99,102,103",VTRDEAEFWVEAFWWDPHAAREDVMELFWIDREFRRIVRRRFPRMARSLRRMVMRWMAH,"B1,B4,B5,B7,B8,B9,B11,B12,B14,B15,B20,B22,B23,B26,B27,B56,B57",0.87,0.7,0.55,0.17,0.31,0.83,0.88,3,0,-122.85,0.26,0.72,0.7,-35.95,1447.01,-2.48,38.51,58.82,17,3,17.65,3.0,17.65,100.0,0.0,0.0,88.14,0.0,11.86,"{'A': 2, 'C': 0, 'D': 2, 'E': 5, 'F': 1, 'G': 0, 'H': 0, 'I': 0, 'K': 0, 'L': 1, 'M': 1, 'N': 0, 'P': 0, 'Q': 0, 'R': 0, 'S': 0, 'T': 0, 'V': 1, 'W': 4, 'Y': 0}",7.17,"0 hours, 1 minutes, 44 seconds",,settings,default_filters,default_4stage_multimer
MDK_human_l77_s19223,4stage,77,19223,-0.3,"86,87,89,94,95,96,99,102,103",SRRRWVWSKWVTNRRGRWVWSEFEMKLVGSFGSKHVYEFIVDVYPNGEIWQFDGIGVMPDERTMFRMMIMMVHDWVP,"B34,B39,B48,B49,B50,B51,B52,B53,B54,B55,B56,B57,B58,B67,B70,B74,B75",0.88,0.73,0.54,0.19,0.37,0.86,0.9,13,0,-223.52,0.45,0.6,0.64,-37.61,1445.75,-2.6,32.49,58.82,17,10,58.82,2.0,11.76,14.29,71.43,14.29,23.38,55.84,20.78,"{'A': 0, 'C': 0, 'D': 2, 'E': 1, 'F': 2, 'G': 2, 'H': 0, 'I': 2, 'K': 1, 'L': 0, 'M': 3, 'N': 0, 'P': 0, 'Q': 1, 'R': 0, 'S': 0, 'T': 0, 'V': 1, 'W': 2, 'Y': 0}",6.42,"0 hours, 2 minutes, 2 seconds",,settings,default_filters,default_4stage_multimer
